{"cameraMode":{"drawMode":0,"name":"Shaded","section":"Shading Mode"},"sceneLighting":true,"audioPlay":false,"sceneViewState":{"showFog":true,"showMaterialUpdate":false,"showSkybox":true,"showFlares":true,"showImageEffects":true,"showParticleSystems":true},"in2DMode":false,"pivot":{"x":-64.2236328125,"y":54.311248779296878,"z":-7.429633140563965},"rotation":{"x":-0.6506485342979431,"y":0.3458716869354248,"z":-0.43451210856437685,"w":-0.517914891242981},"size":83.49361419677735,"orthographic":false}